temp_c,pressure_bar,a_micro_per_bar_estimated,plot_x_px,plot_y_px
2.0,30.0,49.172955,50,50
4.0,30.0,48.565253,50,87
6.0,30.0,48.006825,50,121
8.0,30.0,47.431972,50,156
10.0,30.0,47.004938,50,182
12.0,30.0,46.643602,50,204
14.0,30.0,46.18372,50,232
16.0,30.0,45.789535,50,256
18.0,30.0,45.477472,50,275
20.0,30.0,45.165409,50,294
22.0,30.0,44.935468,50,308
24.0,30.0,44.721951,50,321
26.0,30.0,44.557707,50,331
28.0,30.0,44.360615,50,343
30.0,30.0,44.212796,50,352
2.0,31.0,49.172955,52,50
4.0,31.0,48.548829,52,88
6.0,31.0,48.006825,52,121
8.0,31.0,47.431972,52,156
10.0,31.0,46.988514,52,183
12.0,31.0,46.627178,52,205
14.0,31.0,46.167295,52,233
16.0,31.0,45.789535,52,256
18.0,31.0,45.461048,52,276
20.0,31.0,45.165409,52,294
22.0,31.0,44.919044,52,309
24.0,31.0,44.705527,52,322
26.0,31.0,44.541283,52,332
28.0,31.0,44.360615,52,343
30.0,31.0,44.179947,52,354
2.0,32.0,49.15653,54,51
4.0,32.0,48.548829,54,88
6.0,32.0,47.9904,54,122
8.0,32.0,47.415547,54,157
10.0,32.0,46.972089,54,184
12.0,32.0,46.610753,54,206
14.0,32.0,46.167295,54,233
16.0,32.0,45.773111,54,257
18.0,32.0,45.444623,54,277
20.0,32.0,45.148985,54,295
22.0,32.0,44.902619,54,310
24.0,32.0,44.689102,54,323
26.0,32.0,44.524859,54,333
28.0,32.0,44.344191,54,344
30.0,32.0,44.163523,54,355
2.0,33.0,49.15653,55,51
4.0,33.0,48.532404,55,89
6.0,33.0,47.9904,55,122
8.0,33.0,47.415547,55,157
10.0,33.0,46.972089,55,184
12.0,33.0,46.610753,55,206
14.0,33.0,46.150871,55,234
16.0,33.0,45.773111,55,257
18.0,33.0,45.444623,55,277
20.0,33.0,45.148985,55,295
22.0,33.0,44.902619,55,310
24.0,33.0,44.689102,55,323
26.0,33.0,44.524859,55,333
28.0,33.0,44.327766,55,345
30.0,33.0,44.163523,55,355
2.0,34.0,49.140106,57,52
4.0,34.0,48.532404,57,89
6.0,34.0,47.973976,57,123
8.0,34.0,47.399123,57,158
10.0,34.0,46.955665,57,185
12.0,34.0,46.610753,57,206
14.0,34.0,46.150871,57,234
16.0,34.0,45.756686,57,258
18.0,34.0,45.444623,57,277
20.0,34.0,45.13256,57,296
22.0,34.0,44.886195,57,311
24.0,34.0,44.672678,57,324
26.0,34.0,44.524859,57,333
28.0,34.0,44.311342,57,346
30.0,34.0,44.163523,57,355
2.0,35.0,49.123682,59,53
4.0,35.0,48.532404,59,89
6.0,35.0,47.973976,59,123
8.0,35.0,47.382699,59,159
10.0,35.0,46.955665,59,185
12.0,35.0,46.594329,59,207
14.0,35.0,46.134447,59,235
16.0,35.0,45.740262,59,259
18.0,35.0,45.428199,59,278
20.0,35.0,45.116136,59,297
22.0,35.0,44.86977,59,312
24.0,35.0,44.656254,59,325
26.0,35.0,44.508434,59,334
28.0,35.0,44.294918,59,347
30.0,35.0,44.147098,59,356
2.0,36.0,49.123682,60,53
4.0,36.0,48.51598,60,90
6.0,36.0,47.957552,60,124
8.0,36.0,47.382699,60,159
10.0,36.0,46.955665,60,185
12.0,36.0,46.594329,60,207
14.0,36.0,46.134447,60,235
16.0,36.0,45.740262,60,259
18.0,36.0,45.411775,60,279
20.0,36.0,45.099712,60,298
22.0,36.0,44.86977,60,312
24.0,36.0,44.656254,60,325
26.0,36.0,44.49201,60,335
28.0,36.0,44.294918,60,347
30.0,36.0,44.130674,60,357
2.0,37.0,49.107257,62,54
4.0,37.0,48.51598,62,90
6.0,37.0,47.941127,62,125
8.0,37.0,47.382699,62,159
10.0,37.0,46.939241,62,186
12.0,37.0,46.577905,62,208
14.0,37.0,46.118022,62,236
16.0,37.0,45.723838,62,260
18.0,37.0,45.411775,62,279
20.0,37.0,45.099712,62,298
22.0,37.0,44.853346,62,313
24.0,37.0,44.639829,62,326
26.0,37.0,44.475586,62,336
28.0,37.0,44.278493,62,348
30.0,37.0,44.11425,62,358
2.0,38.0,49.107257,64,54
4.0,38.0,48.499556,64,91
6.0,38.0,47.941127,64,125
8.0,38.0,47.366274,64,160
10.0,38.0,46.922816,64,187
12.0,38.0,46.56148,64,209
14.0,38.0,46.118022,64,236
16.0,38.0,45.723838,64,260
18.0,38.0,45.39535,64,280
20.0,38.0,45.083287,64,299
22.0,38.0,44.836922,64,314
24.0,38.0,44.623405,64,327
26.0,38.0,44.459161,64,337
28.0,38.0,44.278493,64,348
30.0,38.0,44.11425,64,358
2.0,39.0,49.107257,65,54
4.0,39.0,48.499556,65,91
6.0,39.0,47.924703,65,126
8.0,39.0,47.366274,65,160
10.0,39.0,46.922816,65,187
12.0,39.0,46.56148,65,209
14.0,39.0,46.101598,65,237
16.0,39.0,45.707413,65,261
18.0,39.0,45.378926,65,281
20.0,39.0,45.083287,65,299
22.0,39.0,44.836922,65,314
24.0,39.0,44.623405,65,327
26.0,39.0,44.459161,65,337
28.0,39.0,44.262069,65,349
30.0,39.0,44.097825,65,359
2.0,40.0,49.090833,67,55
4.0,40.0,48.483131,67,92
6.0,40.0,47.924703,67,126
8.0,40.0,47.34985,67,161
10.0,40.0,46.906392,67,188
12.0,40.0,46.545056,67,210
14.0,40.0,46.101598,67,237
16.0,40.0,45.707413,67,261
18.0,40.0,45.378926,67,281
20.0,40.0,45.066863,67,300
22.0,40.0,44.820497,67,315
24.0,40.0,44.606981,67,328
26.0,40.0,44.442737,67,338
28.0,40.0,44.262069,67,349
30.0,40.0,44.081401,67,360
2.0,41.0,49.074409,69,56
4.0,41.0,48.466707,69,93
6.0,41.0,47.908278,69,127
8.0,41.0,47.34985,69,161
10.0,41.0,46.906392,69,188
12.0,41.0,46.545056,69,210
14.0,41.0,46.085174,69,238
16.0,41.0,45.690989,69,262
18.0,41.0,45.362501,69,282
20.0,41.0,45.050438,69,301
22.0,41.0,44.804073,69,316
24.0,41.0,44.590556,69,329
26.0,41.0,44.426313,69,339
28.0,41.0,44.245644,69,350
30.0,41.0,44.064976,69,361
2.0,42.0,49.074409,70,56
4.0,42.0,48.466707,70,93
6.0,42.0,47.908278,70,127
8.0,42.0,47.333426,70,162
10.0,42.0,46.889968,70,189
12.0,42.0,46.528632,70,211
14.0,42.0,46.085174,70,238
16.0,42.0,45.690989,70,262
18.0,42.0,45.346077,70,283
20.0,42.0,45.050438,70,301
22.0,42.0,44.804073,70,316
24.0,42.0,44.590556,70,329
26.0,42.0,44.426313,70,339
28.0,42.0,44.22922,70,351
30.0,42.0,44.064976,70,361
2.0,43.0,49.057984,72,57
4.0,43.0,48.450283,72,94
6.0,43.0,47.908278,72,127
8.0,43.0,47.333426,72,162
10.0,43.0,46.889968,72,189
12.0,43.0,46.512207,72,212
14.0,43.0,46.068749,72,239
16.0,43.0,45.674564,72,263
18.0,43.0,45.346077,72,283
20.0,43.0,45.034014,72,302
22.0,43.0,44.787649,72,317
24.0,43.0,44.574132,72,330
26.0,43.0,44.409888,72,340
28.0,43.0,44.212796,72,352
30.0,43.0,44.048552,72,362
2.0,44.0,49.057984,74,57
4.0,44.0,48.433858,74,95
6.0,44.0,47.891854,74,128
8.0,44.0,47.317001,74,163
10.0,44.0,46.873543,74,190
12.0,44.0,46.512207,74,212
14.0,44.0,46.068749,74,239
16.0,44.0,45.65814,74,264
18.0,44.0,45.329653,74,284
20.0,44.0,45.01759,74,303
22.0,44.0,44.787649,74,317
24.0,44.0,44.557707,74,331
26.0,44.0,44.393464,74,341
28.0,44.0,44.196371,74,353
30.0,44.0,44.032128,74,363
2.0,45.0,49.04156,75,58
4.0,45.0,48.433858,75,95
6.0,45.0,47.891854,75,128
8.0,45.0,47.317001,75,163
10.0,45.0,46.873543,75,190
12.0,45.0,46.512207,75,212
14.0,45.0,46.052325,75,240
16.0,45.0,45.65814,75,264
18.0,45.0,45.329653,75,284
20.0,45.0,45.01759,75,303
22.0,45.0,44.771224,75,318
24.0,45.0,44.557707,75,331
26.0,45.0,44.393464,75,341
28.0,45.0,44.196371,75,353
30.0,45.0,44.032128,75,363
2.0,46.0,49.04156,77,58
4.0,46.0,48.417434,77,96
6.0,46.0,47.87543,77,129
8.0,46.0,47.300577,77,164
10.0,46.0,46.857119,77,191
12.0,46.0,46.495783,77,213
14.0,46.0,46.035901,77,241
16.0,46.0,45.641716,77,265
18.0,46.0,45.313228,77,285
20.0,46.0,45.001165,77,304
22.0,46.0,44.771224,77,318
24.0,46.0,44.541283,77,332
26.0,46.0,44.377039,77,342
28.0,46.0,44.179947,77,354
30.0,46.0,44.015703,77,364
2.0,47.0,49.025135,79,59
4.0,47.0,48.417434,79,96
6.0,47.0,47.859005,79,130
8.0,47.0,47.284152,79,165
10.0,47.0,46.857119,79,191
12.0,47.0,46.495783,79,213
14.0,47.0,46.035901,79,241
16.0,47.0,45.625291,79,266
18.0,47.0,45.313228,79,285
20.0,47.0,44.984741,79,305
22.0,47.0,44.7548,79,319
24.0,47.0,44.541283,79,332
26.0,47.0,44.360615,79,343
28.0,47.0,44.163523,79,355
30.0,47.0,43.999279,79,365
2.0,48.0,49.025135,80,59
4.0,48.0,48.417434,80,96
6.0,48.0,47.859005,80,130
8.0,48.0,47.284152,80,165
10.0,48.0,46.857119,80,191
12.0,48.0,46.479358,80,214
14.0,48.0,46.019476,80,242
16.0,48.0,45.625291,80,266
18.0,48.0,45.296804,80,286
20.0,48.0,44.984741,80,305
22.0,48.0,44.738375,80,320
24.0,48.0,44.524859,80,333
26.0,48.0,44.360615,80,343
28.0,48.0,44.163523,80,355
30.0,48.0,43.999279,80,365
2.0,49.0,49.008711,82,60
4.0,49.0,48.401009,82,97
6.0,49.0,47.859005,82,130
8.0,49.0,47.284152,82,165
10.0,49.0,46.840695,82,192
12.0,49.0,46.479358,82,214
14.0,49.0,46.019476,82,242
16.0,49.0,45.608867,82,267
18.0,49.0,45.28038,82,287
20.0,49.0,44.968317,82,306
22.0,49.0,44.721951,82,321
24.0,49.0,44.508434,82,334
26.0,49.0,44.344191,82,344
28.0,49.0,44.147098,82,356
30.0,49.0,43.982855,82,366
2.0,50.0,48.992287,84,61
4.0,50.0,48.401009,84,97
6.0,50.0,47.842581,84,131
8.0,50.0,47.267728,84,166
10.0,50.0,46.82427,84,193
12.0,50.0,46.462934,84,215
14.0,50.0,46.003052,84,243
16.0,50.0,45.592443,84,268
18.0,50.0,45.263955,84,288
20.0,50.0,44.951892,84,307
22.0,50.0,44.721951,84,321
24.0,50.0,44.49201,84,335
26.0,50.0,44.327766,84,345
28.0,50.0,44.130674,84,357
30.0,50.0,43.96643,84,367
2.0,51.0,48.992287,85,61
4.0,51.0,48.384585,85,98
6.0,51.0,47.842581,85,131
8.0,51.0,47.267728,85,166
10.0,51.0,46.82427,85,193
12.0,51.0,46.462934,85,215
14.0,51.0,46.003052,85,243
16.0,51.0,45.592443,85,268
18.0,51.0,45.263955,85,288
20.0,51.0,44.951892,85,307
22.0,51.0,44.705527,85,322
24.0,51.0,44.49201,85,335
26.0,51.0,44.327766,85,345
28.0,51.0,44.130674,85,357
30.0,51.0,43.950006,85,368
2.0,52.0,48.975862,87,62
4.0,52.0,48.384585,87,98
6.0,52.0,47.826157,87,132
8.0,52.0,47.251304,87,167
10.0,52.0,46.807846,87,194
12.0,52.0,46.44651,87,216
14.0,52.0,45.986627,87,244
16.0,52.0,45.592443,87,268
18.0,52.0,45.247531,87,289
20.0,52.0,44.935468,87,308
22.0,52.0,44.689102,87,323
24.0,52.0,44.475586,87,336
26.0,52.0,44.311342,87,346
28.0,52.0,44.11425,87,358
30.0,52.0,43.933581,87,369
2.0,53.0,48.975862,89,62
4.0,53.0,48.368161,89,99
6.0,53.0,47.809732,89,133
8.0,53.0,47.251304,89,167
10.0,53.0,46.807846,89,194
12.0,53.0,46.430085,89,217
14.0,53.0,45.970203,89,245
16.0,53.0,45.576018,89,269
18.0,53.0,45.247531,89,289
20.0,53.0,44.935468,89,308
22.0,53.0,44.689102,89,323
24.0,53.0,44.459161,89,337
26.0,53.0,44.294918,89,347
28.0,53.0,44.097825,89,359
30.0,53.0,43.933581,89,369
2.0,54.0,48.959438,90,63
4.0,54.0,48.368161,90,99
6.0,54.0,47.809732,90,133
8.0,54.0,47.234879,90,168
10.0,54.0,46.791421,90,195
12.0,54.0,46.430085,90,217
14.0,54.0,45.970203,90,245
16.0,54.0,45.576018,90,269
18.0,54.0,45.231107,90,290
20.0,54.0,44.919044,90,309
22.0,54.0,44.672678,90,324
24.0,54.0,44.459161,90,337
26.0,54.0,44.294918,90,347
28.0,54.0,44.097825,90,359
30.0,54.0,43.917157,90,370
2.0,55.0,48.943014,92,64
4.0,55.0,48.351736,92,100
6.0,55.0,47.793308,92,134
8.0,55.0,47.234879,92,168
10.0,55.0,46.791421,92,195
12.0,55.0,46.413661,92,218
14.0,55.0,45.953779,92,246
16.0,55.0,45.559594,92,270
18.0,55.0,45.214682,92,291
20.0,55.0,44.919044,92,309
22.0,55.0,44.656254,92,325
24.0,55.0,44.442737,92,338
26.0,55.0,44.278493,92,348
28.0,55.0,44.081401,92,360
30.0,55.0,43.900733,92,371
2.0,56.0,48.943014,94,64
4.0,56.0,48.335312,94,101
6.0,56.0,47.793308,94,134
8.0,56.0,47.218455,94,169
10.0,56.0,46.774997,94,196
12.0,56.0,46.413661,94,218
14.0,56.0,45.953779,94,246
16.0,56.0,45.54317,94,271
18.0,56.0,45.214682,94,291
20.0,56.0,44.902619,94,310
22.0,56.0,44.656254,94,325
24.0,56.0,44.426313,94,339
26.0,56.0,44.262069,94,349
28.0,56.0,44.064976,94,361
30.0,56.0,43.884308,94,372
2.0,57.0,48.943014,95,64
4.0,57.0,48.335312,95,101
6.0,57.0,47.776884,95,135
8.0,57.0,47.218455,95,169
10.0,57.0,46.774997,95,196
12.0,57.0,46.397237,95,219
14.0,57.0,45.953779,95,246
16.0,57.0,45.54317,95,271
18.0,57.0,45.198258,95,292
20.0,57.0,44.886195,95,311
22.0,57.0,44.656254,95,325
24.0,57.0,44.426313,95,339
26.0,57.0,44.262069,95,349
28.0,57.0,44.064976,95,361
30.0,57.0,43.884308,95,372
2.0,58.0,48.926589,97,65
4.0,58.0,48.318888,97,102
6.0,58.0,47.776884,97,135
8.0,58.0,47.202031,97,170
10.0,58.0,46.758573,97,197
12.0,58.0,46.397237,97,219
14.0,58.0,45.937354,97,247
16.0,58.0,45.526745,97,272
18.0,58.0,45.198258,97,292
20.0,58.0,44.886195,97,311
22.0,58.0,44.639829,97,326
24.0,58.0,44.409888,97,340
26.0,58.0,44.245644,97,350
28.0,58.0,44.048552,97,362
30.0,58.0,43.884308,97,372
2.0,59.0,48.910165,99,66
4.0,59.0,48.302463,99,103
6.0,59.0,47.760459,99,136
8.0,59.0,47.202031,99,170
10.0,59.0,46.742148,99,198
12.0,59.0,46.380812,99,220
14.0,59.0,45.92093,99,248
16.0,59.0,45.526745,99,272
18.0,59.0,45.181833,99,293
20.0,59.0,44.86977,99,312
22.0,59.0,44.623405,99,327
24.0,59.0,44.409888,99,340
26.0,59.0,44.22922,99,351
28.0,59.0,44.032128,99,363
30.0,59.0,43.867884,99,373
2.0,60.0,48.910165,100,66
4.0,60.0,48.302463,100,103
6.0,60.0,47.760459,100,136
8.0,60.0,47.185606,100,171
10.0,60.0,46.742148,100,198
12.0,60.0,46.364388,100,221
14.0,60.0,45.92093,100,248
16.0,60.0,45.510321,100,273
18.0,60.0,45.181833,100,293
20.0,60.0,44.86977,100,312
22.0,60.0,44.606981,100,328
24.0,60.0,44.393464,100,341
26.0,60.0,44.22922,100,351
28.0,60.0,44.032128,100,363
30.0,60.0,43.85146,100,374
2.0,61.0,48.893741,102,67
4.0,61.0,48.302463,102,103
6.0,61.0,47.760459,102,136
8.0,61.0,47.185606,102,171
10.0,61.0,46.742148,102,198
12.0,61.0,46.364388,102,221
14.0,61.0,45.904506,102,249
16.0,61.0,45.493896,102,274
18.0,61.0,45.165409,102,294
20.0,61.0,44.853346,102,313
22.0,61.0,44.606981,102,328
24.0,61.0,44.377039,102,342
26.0,61.0,44.212796,102,352
28.0,61.0,44.015703,102,364
30.0,61.0,43.835035,102,375
2.0,62.0,48.893741,104,67
4.0,62.0,48.286039,104,104
6.0,62.0,47.744035,104,137
8.0,62.0,47.169182,104,172
10.0,62.0,46.725724,104,199
12.0,62.0,46.347964,104,222
14.0,62.0,45.888081,104,250
16.0,62.0,45.477472,104,275
18.0,62.0,45.148985,104,295
20.0,62.0,44.836922,104,314
22.0,62.0,44.590556,104,329
24.0,62.0,44.377039,104,342
26.0,62.0,44.196371,104,353
28.0,62.0,43.999279,104,365
30.0,62.0,43.818611,104,376
2.0,63.0,48.877316,105,68
4.0,63.0,48.286039,105,104
6.0,63.0,47.744035,105,137
8.0,63.0,47.169182,105,172
10.0,63.0,46.725724,105,199
12.0,63.0,46.347964,105,222
14.0,63.0,45.888081,105,250
16.0,63.0,45.477472,105,275
18.0,63.0,45.148985,105,295
20.0,63.0,44.820497,105,315
22.0,63.0,44.574132,105,330
24.0,63.0,44.360615,105,343
26.0,63.0,44.179947,105,354
28.0,63.0,43.999279,105,365
30.0,63.0,43.818611,105,376
2.0,64.0,48.877316,107,68
4.0,64.0,48.269615,107,105
6.0,64.0,47.72761,107,138
8.0,64.0,47.152758,107,173
10.0,64.0,46.7093,107,200
12.0,64.0,46.331539,107,223
14.0,64.0,45.871657,107,251
16.0,64.0,45.461048,107,276
18.0,64.0,45.13256,107,296
20.0,64.0,44.820497,107,315
22.0,64.0,44.557707,107,331
24.0,64.0,44.344191,107,344
26.0,64.0,44.179947,107,354
28.0,64.0,43.982855,107,366
30.0,64.0,43.802187,107,377
2.0,65.0,48.860892,109,69
4.0,65.0,48.269615,109,105
6.0,65.0,47.711186,109,139
8.0,65.0,47.152758,109,173
10.0,65.0,46.7093,109,200
12.0,65.0,46.331539,109,223
14.0,65.0,45.871657,109,251
16.0,65.0,45.461048,109,276
18.0,65.0,45.116136,109,297
20.0,65.0,44.804073,109,316
22.0,65.0,44.557707,109,331
24.0,65.0,44.327766,109,345
26.0,65.0,44.163523,109,355
28.0,65.0,43.96643,109,367
30.0,65.0,43.785762,109,378
2.0,66.0,48.860892,110,69
4.0,66.0,48.25319,110,106
6.0,66.0,47.711186,110,139
8.0,66.0,47.136333,110,174
10.0,66.0,46.692875,110,201
12.0,66.0,46.315115,110,224
14.0,66.0,45.855232,110,252
16.0,66.0,45.461048,110,276
18.0,66.0,45.116136,110,297
20.0,66.0,44.804073,110,316
22.0,66.0,44.557707,110,331
24.0,66.0,44.327766,110,345
26.0,66.0,44.147098,110,356
28.0,66.0,43.950006,110,368
30.0,66.0,43.785762,110,378
2.0,67.0,48.844467,112,70
4.0,67.0,48.25319,112,106
6.0,67.0,47.694762,112,140
8.0,67.0,47.136333,112,174
10.0,67.0,46.692875,112,201
12.0,67.0,46.315115,112,224
14.0,67.0,45.855232,112,252
16.0,67.0,45.444623,112,277
18.0,67.0,45.099712,112,298
20.0,67.0,44.787649,112,317
22.0,67.0,44.541283,112,332
24.0,67.0,44.311342,112,346
26.0,67.0,44.147098,112,356
28.0,67.0,43.950006,112,368
30.0,67.0,43.769338,112,379
2.0,68.0,48.828043,114,71
4.0,68.0,48.236766,114,107
6.0,68.0,47.694762,114,140
8.0,68.0,47.119909,114,175
10.0,68.0,46.676451,114,202
12.0,68.0,46.29869,114,225
14.0,68.0,45.838808,114,253
16.0,68.0,45.428199,114,278
18.0,68.0,45.083287,114,299
20.0,68.0,44.771224,114,318
22.0,68.0,44.524859,114,333
24.0,68.0,44.294918,114,347
26.0,68.0,44.130674,114,357
28.0,68.0,43.933581,114,369
30.0,68.0,43.752913,114,380
2.0,69.0,48.828043,115,71
4.0,69.0,48.236766,115,107
6.0,69.0,47.678337,115,141
8.0,69.0,47.119909,115,175
10.0,69.0,46.676451,115,202
12.0,69.0,46.29869,115,225
14.0,69.0,45.838808,115,253
16.0,69.0,45.428199,115,278
18.0,69.0,45.083287,115,299
20.0,69.0,44.771224,115,318
22.0,69.0,44.524859,115,333
24.0,69.0,44.294918,115,347
26.0,69.0,44.130674,115,357
28.0,69.0,43.917157,115,370
30.0,69.0,43.752913,115,380
2.0,70.0,48.811619,117,72
4.0,70.0,48.220341,117,108
6.0,70.0,47.678337,117,141
8.0,70.0,47.103484,117,176
10.0,70.0,46.660027,117,203
12.0,70.0,46.282266,117,226
14.0,70.0,45.822384,117,254
16.0,70.0,45.411775,117,279
18.0,70.0,45.066863,117,300
20.0,70.0,44.7548,117,319
22.0,70.0,44.508434,117,334
24.0,70.0,44.278493,117,348
26.0,70.0,44.11425,117,358
28.0,70.0,43.900733,117,371
30.0,70.0,43.736489,117,381
2.0,71.0,48.811619,119,72
4.0,71.0,48.203917,119,109
6.0,71.0,47.661913,119,142
8.0,71.0,47.103484,119,176
10.0,71.0,46.643602,119,204
12.0,71.0,46.265842,119,227
14.0,71.0,45.822384,119,254
16.0,71.0,45.411775,119,279
18.0,71.0,45.066863,119,300
20.0,71.0,44.738375,119,320
22.0,71.0,44.49201,119,335
24.0,71.0,44.278493,119,348
26.0,71.0,44.097825,119,359
28.0,71.0,43.900733,119,371
30.0,71.0,43.720065,119,382
2.0,72.0,48.795194,120,73
4.0,72.0,48.203917,120,109
6.0,72.0,47.661913,120,142
8.0,72.0,47.103484,120,176
10.0,72.0,46.643602,120,204
12.0,72.0,46.265842,120,227
14.0,72.0,45.805959,120,255
16.0,72.0,45.39535,120,280
18.0,72.0,45.050438,120,301
20.0,72.0,44.738375,120,320
22.0,72.0,44.475586,120,336
24.0,72.0,44.262069,120,349
26.0,72.0,44.097825,120,359
28.0,72.0,43.884308,120,372
30.0,72.0,43.70364,120,383
2.0,73.0,48.795194,122,73
4.0,73.0,48.187493,122,110
6.0,73.0,47.645489,122,143
8.0,73.0,47.08706,122,177
10.0,73.0,46.627178,122,205
12.0,73.0,46.249417,122,228
14.0,73.0,45.805959,122,255
16.0,73.0,45.39535,122,280
18.0,73.0,45.050438,122,301
20.0,73.0,44.721951,122,321
22.0,73.0,44.475586,122,336
24.0,73.0,44.245644,122,350
26.0,73.0,44.081401,122,360
28.0,73.0,43.884308,122,372
30.0,73.0,43.70364,122,383
2.0,74.0,48.77877,124,74
4.0,74.0,48.171068,124,111
6.0,74.0,47.629064,124,144
8.0,74.0,47.070636,124,178
10.0,74.0,46.627178,124,205
12.0,74.0,46.232993,124,229
14.0,74.0,45.789535,124,256
16.0,74.0,45.378926,124,281
18.0,74.0,45.034014,124,302
20.0,74.0,44.705527,124,322
22.0,74.0,44.459161,124,337
24.0,74.0,44.245644,124,350
26.0,74.0,44.064976,124,361
28.0,74.0,43.867884,124,373
30.0,74.0,43.687216,124,384
2.0,75.0,48.77877,125,74
4.0,75.0,48.171068,125,111
6.0,75.0,47.629064,125,144
8.0,75.0,47.070636,125,178
10.0,75.0,46.610753,125,206
12.0,75.0,46.232993,125,229
14.0,75.0,45.773111,125,257
16.0,75.0,45.378926,125,281
18.0,75.0,45.01759,125,303
20.0,75.0,44.705527,125,322
22.0,75.0,44.459161,125,337
24.0,75.0,44.22922,125,351
26.0,75.0,44.064976,125,361
28.0,75.0,43.85146,125,374
30.0,75.0,43.670792,125,385
2.0,76.0,48.762346,127,75
4.0,76.0,48.171068,127,111
6.0,76.0,47.629064,127,144
8.0,76.0,47.054211,127,179
10.0,76.0,46.610753,127,206
12.0,76.0,46.232993,127,229
14.0,76.0,45.773111,127,257
16.0,76.0,45.362501,127,282
18.0,76.0,45.01759,127,303
20.0,76.0,44.689102,127,323
22.0,76.0,44.442737,127,338
24.0,76.0,44.212796,127,352
26.0,76.0,44.048552,127,362
28.0,76.0,43.835035,127,375
30.0,76.0,43.654367,127,386
2.0,77.0,48.745921,129,76
4.0,77.0,48.154644,129,112
6.0,77.0,47.61264,129,145
8.0,77.0,47.054211,129,179
10.0,77.0,46.610753,129,206
12.0,77.0,46.216569,129,230
14.0,77.0,45.756686,129,258
16.0,77.0,45.346077,129,283
18.0,77.0,45.001165,129,304
20.0,77.0,44.689102,129,323
22.0,77.0,44.426313,129,339
24.0,77.0,44.212796,129,352
26.0,77.0,44.032128,129,363
28.0,77.0,43.835035,129,375
30.0,77.0,43.654367,129,386
2.0,78.0,48.745921,130,76
4.0,78.0,48.154644,130,112
6.0,78.0,47.61264,130,145
8.0,78.0,47.037787,130,180
10.0,78.0,46.594329,130,207
12.0,78.0,46.216569,130,230
14.0,78.0,45.756686,130,258
16.0,78.0,45.346077,130,283
18.0,78.0,45.001165,130,304
20.0,78.0,44.672678,130,324
22.0,78.0,44.426313,130,339
24.0,78.0,44.196371,130,353
26.0,78.0,44.032128,130,363
28.0,78.0,43.818611,130,376
30.0,78.0,43.637943,130,387
2.0,79.0,48.729497,132,77
4.0,79.0,48.13822,132,113
6.0,79.0,47.596215,132,146
8.0,79.0,47.037787,132,180
10.0,79.0,46.594329,132,207
12.0,79.0,46.200144,132,231
14.0,79.0,45.740262,132,259
16.0,79.0,45.329653,132,284
18.0,79.0,44.984741,132,305
20.0,79.0,44.656254,132,325
22.0,79.0,44.409888,132,340
24.0,79.0,44.179947,132,354
26.0,79.0,44.015703,132,364
28.0,79.0,43.802187,132,377
30.0,79.0,43.621518,132,388
2.0,80.0,48.729497,134,77
4.0,80.0,48.13822,134,113
6.0,80.0,47.596215,134,146
8.0,80.0,47.021363,134,181
10.0,80.0,46.577905,134,208
12.0,80.0,46.200144,134,231
14.0,80.0,45.723838,134,260
16.0,80.0,45.313228,134,285
18.0,80.0,44.968317,134,306
20.0,80.0,44.656254,134,325
22.0,80.0,44.393464,134,341
24.0,80.0,44.179947,134,354
26.0,80.0,43.999279,134,365
28.0,80.0,43.785762,134,378
30.0,80.0,43.605094,134,389
2.0,81.0,48.713072,135,78
4.0,81.0,48.13822,135,113
6.0,81.0,47.579791,135,147
8.0,81.0,47.021363,135,181
10.0,81.0,46.577905,135,208
12.0,81.0,46.200144,135,231
14.0,81.0,45.723838,135,260
16.0,81.0,45.313228,135,285
18.0,81.0,44.951892,135,307
20.0,81.0,44.656254,135,325
22.0,81.0,44.393464,135,341
24.0,81.0,44.163523,135,355
26.0,81.0,43.982855,135,366
28.0,81.0,43.785762,135,378
30.0,81.0,43.605094,135,389
2.0,82.0,48.713072,137,78
4.0,82.0,48.121795,137,114
6.0,82.0,47.563367,137,148
8.0,82.0,47.004938,137,182
10.0,82.0,46.56148,137,209
12.0,82.0,46.18372,137,232
14.0,82.0,45.707413,137,261
16.0,82.0,45.296804,137,286
18.0,82.0,44.951892,137,307
20.0,82.0,44.639829,137,326
22.0,82.0,44.377039,137,342
24.0,82.0,44.147098,137,356
26.0,82.0,43.982855,137,366
28.0,82.0,43.769338,137,379
30.0,82.0,43.58867,137,390
2.0,83.0,48.696648,139,79
4.0,83.0,48.105371,139,115
6.0,83.0,47.563367,139,148
8.0,83.0,47.004938,139,182
10.0,83.0,46.545056,139,210
12.0,83.0,46.167295,139,233
14.0,83.0,45.707413,139,261
16.0,83.0,45.296804,139,286
18.0,83.0,44.935468,139,308
20.0,83.0,44.623405,139,327
22.0,83.0,44.360615,139,343
24.0,83.0,44.147098,139,356
26.0,83.0,43.96643,139,367
28.0,83.0,43.752913,139,380
30.0,83.0,43.572245,139,391
2.0,84.0,48.680224,140,80
4.0,84.0,48.105371,140,115
6.0,84.0,47.546942,140,149
8.0,84.0,46.988514,140,183
10.0,84.0,46.545056,140,210
12.0,84.0,46.167295,140,233
14.0,84.0,45.690989,140,262
16.0,84.0,45.28038,140,287
18.0,84.0,44.935468,140,308
20.0,84.0,44.606981,140,328
22.0,84.0,44.360615,140,343
24.0,84.0,44.130674,140,357
26.0,84.0,43.950006,140,368
28.0,84.0,43.752913,140,380
30.0,84.0,43.572245,140,391
2.0,85.0,48.680224,142,80
4.0,85.0,48.088946,142,116
6.0,85.0,47.546942,142,149
8.0,85.0,46.988514,142,183
10.0,85.0,46.528632,142,211
12.0,85.0,46.150871,142,234
14.0,85.0,45.690989,142,262
16.0,85.0,45.28038,142,287
18.0,85.0,44.919044,142,309
20.0,85.0,44.606981,142,328
22.0,85.0,44.344191,142,344
24.0,85.0,44.11425,142,358
26.0,85.0,43.933581,142,369
28.0,85.0,43.736489,142,381
30.0,85.0,43.555821,142,392
2.0,86.0,48.663799,144,81
4.0,86.0,48.072522,144,117
6.0,86.0,47.530518,144,150
8.0,86.0,46.972089,144,184
10.0,86.0,46.528632,144,211
12.0,86.0,46.134447,144,235
14.0,86.0,45.674564,144,263
16.0,86.0,45.263955,144,288
18.0,86.0,44.919044,144,309
20.0,86.0,44.590556,144,329
22.0,86.0,44.327766,144,345
24.0,86.0,44.11425,144,358
26.0,86.0,43.933581,144,369
28.0,86.0,43.720065,144,382
30.0,86.0,43.539397,144,393
2.0,87.0,48.663799,145,81
4.0,87.0,48.072522,145,117
6.0,87.0,47.530518,145,150
8.0,87.0,46.972089,145,184
10.0,87.0,46.528632,145,211
12.0,87.0,46.134447,145,235
14.0,87.0,45.674564,145,263
16.0,87.0,45.263955,145,288
18.0,87.0,44.902619,145,310
20.0,87.0,44.590556,145,329
22.0,87.0,44.327766,145,345
24.0,87.0,44.097825,145,359
26.0,87.0,43.917157,145,370
28.0,87.0,43.720065,145,382
30.0,87.0,43.539397,145,393
2.0,88.0,48.647375,147,82
4.0,88.0,48.056098,147,118
6.0,88.0,47.514094,147,151
8.0,88.0,46.972089,147,184
10.0,88.0,46.512207,147,212
12.0,88.0,46.118022,147,236
14.0,88.0,45.65814,147,264
16.0,88.0,45.247531,147,289
18.0,88.0,44.886195,147,311
20.0,88.0,44.574132,147,330
22.0,88.0,44.311342,147,346
24.0,88.0,44.081401,147,360
26.0,88.0,43.900733,147,371
28.0,88.0,43.70364,147,383
30.0,88.0,43.522972,147,394
2.0,89.0,48.647375,149,82
4.0,89.0,48.056098,149,118
6.0,89.0,47.514094,149,151
8.0,89.0,46.955665,149,185
10.0,89.0,46.495783,149,213
12.0,89.0,46.118022,149,236
14.0,89.0,45.641716,149,265
16.0,89.0,45.231107,149,290
18.0,89.0,44.86977,149,312
20.0,89.0,44.557707,149,331
22.0,89.0,44.294918,149,347
24.0,89.0,44.064976,149,361
26.0,89.0,43.900733,149,371
28.0,89.0,43.687216,149,384
30.0,89.0,43.506548,149,395
2.0,90.0,48.630951,150,83
4.0,90.0,48.056098,150,118
6.0,90.0,47.514094,150,151
8.0,90.0,46.955665,150,185
10.0,90.0,46.495783,150,213
12.0,90.0,46.101598,150,237
14.0,90.0,45.641716,150,265
16.0,90.0,45.231107,150,290
18.0,90.0,44.86977,150,312
20.0,90.0,44.557707,150,331
22.0,90.0,44.294918,150,347
24.0,90.0,44.064976,150,361
26.0,90.0,43.900733,150,371
28.0,90.0,43.687216,150,384
30.0,90.0,43.506548,150,395
2.0,91.0,48.630951,152,83
4.0,91.0,48.039673,152,119
6.0,91.0,47.497669,152,152
8.0,91.0,46.939241,152,186
10.0,91.0,46.479358,152,214
12.0,91.0,46.101598,152,237
14.0,91.0,45.625291,152,266
16.0,91.0,45.214682,152,291
18.0,91.0,44.853346,152,313
20.0,91.0,44.541283,152,332
22.0,91.0,44.278493,152,348
24.0,91.0,44.048552,152,362
26.0,91.0,43.884308,152,372
28.0,91.0,43.670792,152,385
30.0,91.0,43.490124,152,396
2.0,92.0,48.614526,154,84
4.0,92.0,48.023249,154,120
6.0,92.0,47.481245,154,153
8.0,92.0,46.922816,154,187
10.0,92.0,46.479358,154,214
12.0,92.0,46.085174,154,238
14.0,92.0,45.625291,154,266
16.0,92.0,45.198258,154,292
18.0,92.0,44.853346,154,313
20.0,92.0,44.524859,154,333
22.0,92.0,44.262069,154,349
24.0,92.0,44.032128,154,363
26.0,92.0,43.867884,154,373
28.0,92.0,43.654367,154,386
30.0,92.0,43.473699,154,397
2.0,93.0,48.614526,155,84
4.0,93.0,48.023249,155,120
6.0,93.0,47.481245,155,153
8.0,93.0,46.922816,155,187
10.0,93.0,46.462934,155,215
12.0,93.0,46.085174,155,238
14.0,93.0,45.608867,155,267
16.0,93.0,45.198258,155,292
18.0,93.0,44.836922,155,314
20.0,93.0,44.524859,155,333
22.0,93.0,44.262069,155,349
24.0,93.0,44.032128,155,363
26.0,93.0,43.867884,155,373
28.0,93.0,43.654367,155,386
30.0,93.0,43.473699,155,397
2.0,94.0,48.598102,157,85
4.0,94.0,48.023249,157,120
6.0,94.0,47.481245,157,153
8.0,94.0,46.906392,157,188
10.0,94.0,46.462934,157,215
12.0,94.0,46.068749,157,239
14.0,94.0,45.608867,157,267
16.0,94.0,45.198258,157,292
18.0,94.0,44.820497,157,315
20.0,94.0,44.508434,157,334
22.0,94.0,44.245644,157,350
24.0,94.0,44.015703,157,364
26.0,94.0,43.85146,157,374
28.0,94.0,43.637943,157,387
30.0,94.0,43.44085,157,399
2.0,95.0,48.581678,159,86
4.0,95.0,48.006825,159,121
6.0,95.0,47.464821,159,154
8.0,95.0,46.906392,159,188
10.0,95.0,46.462934,159,215
12.0,95.0,46.052325,159,240
14.0,95.0,45.592443,159,268
16.0,95.0,45.181833,159,293
18.0,95.0,44.820497,159,315
20.0,95.0,44.49201,159,335
22.0,95.0,44.22922,159,351
24.0,95.0,44.015703,159,364
26.0,95.0,43.835035,159,375
28.0,95.0,43.621518,159,388
30.0,95.0,43.44085,159,399
2.0,96.0,48.581678,160,86
4.0,96.0,48.006825,160,121
6.0,96.0,47.464821,160,154
8.0,96.0,46.889968,160,189
10.0,96.0,46.44651,160,216
12.0,96.0,46.052325,160,240
14.0,96.0,45.592443,160,268
16.0,96.0,45.181833,160,293
18.0,96.0,44.804073,160,316
20.0,96.0,44.49201,160,335
22.0,96.0,44.22922,160,351
24.0,96.0,44.015703,160,364
26.0,96.0,43.818611,160,376
28.0,96.0,43.621518,160,388
30.0,96.0,43.424426,160,400
2.0,97.0,48.565253,162,87
4.0,97.0,47.9904,162,122
6.0,97.0,47.448396,162,155
8.0,97.0,46.889968,162,189
10.0,97.0,46.430085,162,217
12.0,97.0,46.035901,162,241
14.0,97.0,45.576018,162,269
16.0,97.0,45.165409,162,294
18.0,97.0,44.804073,162,316
20.0,97.0,44.475586,162,336
22.0,97.0,44.212796,162,352
24.0,97.0,43.999279,162,365
26.0,97.0,43.818611,162,376
28.0,97.0,43.605094,162,389
30.0,97.0,43.408002,162,401
2.0,98.0,48.548829,164,88
4.0,98.0,47.973976,164,123
6.0,98.0,47.431972,164,156
8.0,98.0,46.873543,164,190
10.0,98.0,46.430085,164,217
12.0,98.0,46.035901,164,241
14.0,98.0,45.559594,164,270
16.0,98.0,45.148985,164,295
18.0,98.0,44.787649,164,317
20.0,98.0,44.475586,164,336
22.0,98.0,44.196371,164,353
24.0,98.0,43.982855,164,366
26.0,98.0,43.802187,164,377
28.0,98.0,43.58867,164,390
30.0,98.0,43.391577,164,402
2.0,99.0,48.548829,165,88
4.0,99.0,47.973976,165,123
6.0,99.0,47.431972,165,156
8.0,99.0,46.873543,165,190
10.0,99.0,46.413661,165,218
12.0,99.0,46.019476,165,242
14.0,99.0,45.559594,165,270
16.0,99.0,45.148985,165,295
18.0,99.0,44.787649,165,317
20.0,99.0,44.459161,165,337
22.0,99.0,44.196371,165,353
24.0,99.0,43.96643,165,367
26.0,99.0,43.785762,165,378
28.0,99.0,43.58867,165,390
30.0,99.0,43.391577,165,402
2.0,100.0,48.548829,167,88
4.0,100.0,47.957552,167,124
6.0,100.0,47.415547,167,157
8.0,100.0,46.857119,167,191
10.0,100.0,46.413661,167,218
12.0,100.0,46.019476,167,242
14.0,100.0,45.559594,167,270
16.0,100.0,45.13256,167,296
18.0,100.0,44.771224,167,318
20.0,100.0,44.442737,167,338
22.0,100.0,44.179947,167,354
24.0,100.0,43.96643,167,367
26.0,100.0,43.769338,167,379
28.0,100.0,43.572245,167,391
30.0,100.0,43.375153,167,403
2.0,101.0,48.532404,169,89
4.0,101.0,47.941127,169,125
6.0,101.0,47.399123,169,158
8.0,101.0,46.857119,169,191
10.0,101.0,46.397237,169,219
12.0,101.0,46.003052,169,243
14.0,101.0,45.54317,169,271
16.0,101.0,45.116136,169,297
18.0,101.0,44.7548,169,319
20.0,101.0,44.426313,169,339
22.0,101.0,44.163523,169,355
24.0,101.0,43.950006,169,368
26.0,101.0,43.769338,169,379
28.0,101.0,43.555821,169,392
30.0,101.0,43.375153,169,403
2.0,102.0,48.532404,170,89
4.0,102.0,47.941127,170,125
6.0,102.0,47.399123,170,158
8.0,102.0,46.857119,170,191
10.0,102.0,46.397237,170,219
12.0,102.0,46.003052,170,243
14.0,102.0,45.54317,170,271
16.0,102.0,45.116136,170,297
18.0,102.0,44.7548,170,319
20.0,102.0,44.426313,170,339
22.0,102.0,44.163523,170,355
24.0,102.0,43.933581,170,369
26.0,102.0,43.752913,170,380
28.0,102.0,43.539397,170,393
30.0,102.0,43.358729,170,404
2.0,103.0,48.51598,172,90
4.0,103.0,47.941127,172,125
6.0,103.0,47.399123,172,158
8.0,103.0,46.840695,172,192
10.0,103.0,46.380812,172,220
12.0,103.0,45.986627,172,244
14.0,103.0,45.526745,172,272
16.0,103.0,45.099712,172,298
18.0,103.0,44.738375,172,320
20.0,103.0,44.409888,172,340
22.0,103.0,44.147098,172,356
24.0,103.0,43.933581,172,369
26.0,103.0,43.736489,172,381
28.0,103.0,43.522972,172,394
30.0,103.0,43.342304,172,405
2.0,104.0,48.499556,174,91
4.0,104.0,47.924703,174,126
6.0,104.0,47.382699,174,159
8.0,104.0,46.82427,174,193
10.0,104.0,46.380812,174,220
12.0,104.0,45.970203,174,245
14.0,104.0,45.510321,174,273
16.0,104.0,45.083287,174,299
18.0,104.0,44.721951,174,321
20.0,104.0,44.409888,174,340
22.0,104.0,44.147098,174,356
24.0,104.0,43.917157,174,370
26.0,104.0,43.736489,174,381
28.0,104.0,43.522972,174,394
30.0,104.0,43.32588,174,406
2.0,105.0,48.499556,175,91
4.0,105.0,47.924703,175,126
6.0,105.0,47.382699,175,159
8.0,105.0,46.82427,175,193
10.0,105.0,46.364388,175,221
12.0,105.0,45.970203,175,245
14.0,105.0,45.510321,175,273
16.0,105.0,45.083287,175,299
18.0,105.0,44.721951,175,321
20.0,105.0,44.393464,175,341
22.0,105.0,44.130674,175,357
24.0,105.0,43.900733,175,371
26.0,105.0,43.720065,175,382
28.0,105.0,43.522972,175,394
30.0,105.0,43.32588,175,406
2.0,106.0,48.483131,177,92
4.0,106.0,47.908278,177,127
6.0,106.0,47.366274,177,160
8.0,106.0,46.807846,177,194
10.0,106.0,46.364388,177,221
12.0,106.0,45.970203,177,245
14.0,106.0,45.493896,177,274
16.0,106.0,45.066863,177,300
18.0,106.0,44.705527,177,322
20.0,106.0,44.393464,177,341
22.0,106.0,44.130674,177,357
24.0,106.0,43.900733,177,371
26.0,106.0,43.70364,177,383
28.0,106.0,43.506548,177,395
30.0,106.0,43.309456,177,407
2.0,107.0,48.483131,179,92
4.0,107.0,47.891854,179,128
6.0,107.0,47.366274,179,160
8.0,107.0,46.807846,179,194
10.0,107.0,46.347964,179,222
12.0,107.0,45.953779,179,246
14.0,107.0,45.477472,179,275
16.0,107.0,45.066863,179,300
18.0,107.0,44.689102,179,323
20.0,107.0,44.377039,179,342
22.0,107.0,44.11425,179,358
24.0,107.0,43.884308,179,372
26.0,107.0,43.70364,179,383
28.0,107.0,43.490124,179,396
30.0,107.0,43.293031,179,408
2.0,108.0,48.466707,180,93
4.0,108.0,47.891854,180,128
6.0,108.0,47.34985,180,161
8.0,108.0,46.791421,180,195
10.0,108.0,46.347964,180,222
12.0,108.0,45.953779,180,246
14.0,108.0,45.477472,180,275
16.0,108.0,45.050438,180,301
18.0,108.0,44.689102,180,323
20.0,108.0,44.377039,180,342
22.0,108.0,44.097825,180,359
24.0,108.0,43.867884,180,373
26.0,108.0,43.687216,180,384
28.0,108.0,43.473699,180,397
30.0,108.0,43.293031,180,408
2.0,109.0,48.466707,182,93
4.0,109.0,47.891854,182,128
6.0,109.0,47.34985,182,161
8.0,109.0,46.791421,182,195
10.0,109.0,46.331539,182,223
12.0,109.0,45.937354,182,247
14.0,109.0,45.461048,182,276
16.0,109.0,45.050438,182,301
18.0,109.0,44.672678,182,324
20.0,109.0,44.360615,182,343
22.0,109.0,44.081401,182,360
24.0,109.0,43.867884,182,373
26.0,109.0,43.670792,182,385
28.0,109.0,43.473699,182,397
30.0,109.0,43.276607,182,409
2.0,110.0,48.450283,184,94
4.0,110.0,47.87543,184,129
6.0,110.0,47.333426,184,162
8.0,110.0,46.774997,184,196
10.0,110.0,46.331539,184,223
12.0,110.0,45.92093,184,248
14.0,110.0,45.461048,184,276
16.0,110.0,45.034014,184,302
18.0,110.0,44.672678,184,324
20.0,110.0,44.344191,184,344
22.0,110.0,44.081401,184,360
24.0,110.0,43.85146,184,374
26.0,110.0,43.654367,184,386
28.0,110.0,43.457275,184,398
30.0,110.0,43.260182,184,410
2.0,111.0,48.450283,185,94
4.0,111.0,47.87543,185,129
6.0,111.0,47.333426,185,162
8.0,111.0,46.774997,185,196
10.0,111.0,46.331539,185,223
12.0,111.0,45.92093,185,248
14.0,111.0,45.444623,185,277
16.0,111.0,45.034014,185,302
18.0,111.0,44.656254,185,325
20.0,111.0,44.327766,185,345
22.0,111.0,44.064976,185,361
24.0,111.0,43.835035,185,375
26.0,111.0,43.654367,185,386
28.0,111.0,43.44085,185,399
30.0,111.0,43.260182,185,410
2.0,112.0,48.433858,187,95
4.0,112.0,47.859005,187,130
6.0,112.0,47.317001,187,163
8.0,112.0,46.758573,187,197
10.0,112.0,46.315115,187,224
12.0,112.0,45.904506,187,249
14.0,112.0,45.444623,187,277
16.0,112.0,45.01759,187,303
18.0,112.0,44.639829,187,326
20.0,112.0,44.327766,187,345
22.0,112.0,44.064976,187,361
24.0,112.0,43.835035,187,375
26.0,112.0,43.637943,187,387
28.0,112.0,43.424426,187,400
30.0,112.0,43.243758,187,411
2.0,113.0,48.433858,189,95
4.0,113.0,47.842581,189,131
6.0,113.0,47.317001,189,163
8.0,113.0,46.758573,189,197
10.0,113.0,46.29869,189,225
12.0,113.0,45.904506,189,249
14.0,113.0,45.444623,189,277
16.0,113.0,45.01759,189,303
18.0,113.0,44.639829,189,326
20.0,113.0,44.311342,189,346
22.0,113.0,44.048552,189,362
24.0,113.0,43.818611,189,376
26.0,113.0,43.637943,189,387
28.0,113.0,43.424426,189,400
30.0,113.0,43.227334,189,412
2.0,114.0,48.417434,190,96
4.0,114.0,47.842581,190,131
6.0,114.0,47.300577,190,164
8.0,114.0,46.742148,190,198
10.0,114.0,46.29869,190,225
12.0,114.0,45.888081,190,250
14.0,114.0,45.428199,190,278
16.0,114.0,45.001165,190,304
18.0,114.0,44.623405,190,327
20.0,114.0,44.311342,190,346
22.0,114.0,44.032128,190,363
24.0,114.0,43.802187,190,377
26.0,114.0,43.621518,190,388
28.0,114.0,43.408002,190,401
30.0,114.0,43.210909,190,413
2.0,115.0,48.417434,192,96
4.0,115.0,47.826157,192,132
6.0,115.0,47.300577,192,164
8.0,115.0,46.742148,192,198
10.0,115.0,46.282266,192,226
12.0,115.0,45.888081,192,250
14.0,115.0,45.428199,192,278
16.0,115.0,44.984741,192,305
18.0,115.0,44.623405,192,327
20.0,115.0,44.294918,192,347
22.0,115.0,44.032128,192,363
24.0,115.0,43.785762,192,378
26.0,115.0,43.605094,192,389
28.0,115.0,43.391577,192,402
30.0,115.0,43.210909,192,413
2.0,116.0,48.401009,194,97
4.0,116.0,47.809732,194,133
6.0,116.0,47.284152,194,165
8.0,116.0,46.725724,194,199
10.0,116.0,46.265842,194,227
12.0,116.0,45.871657,194,251
14.0,116.0,45.411775,194,279
16.0,116.0,44.968317,194,306
18.0,116.0,44.606981,194,328
20.0,116.0,44.278493,194,348
22.0,116.0,44.015703,194,364
24.0,116.0,43.785762,194,378
26.0,116.0,43.58867,194,390
28.0,116.0,43.391577,194,402
30.0,116.0,43.194485,194,414
2.0,117.0,48.401009,195,97
4.0,117.0,47.809732,195,133
6.0,117.0,47.267728,195,166
8.0,117.0,46.725724,195,199
10.0,117.0,46.265842,195,227
12.0,117.0,45.871657,195,251
14.0,117.0,45.411775,195,279
16.0,117.0,44.968317,195,306
18.0,117.0,44.590556,195,329
20.0,117.0,44.278493,195,348
22.0,117.0,43.999279,195,365
24.0,117.0,43.769338,195,379
26.0,117.0,43.58867,195,390
28.0,117.0,43.375153,195,403
30.0,117.0,43.178061,195,415
2.0,118.0,48.384585,197,98
4.0,118.0,47.809732,197,133
6.0,118.0,47.267728,197,166
8.0,118.0,46.725724,197,199
10.0,118.0,46.249417,197,228
12.0,118.0,45.855232,197,252
14.0,118.0,45.39535,197,280
16.0,118.0,44.951892,197,307
18.0,118.0,44.590556,197,329
20.0,118.0,44.262069,197,349
22.0,118.0,43.999279,197,365
24.0,118.0,43.769338,197,379
26.0,118.0,43.572245,197,391
28.0,118.0,43.375153,197,403
30.0,118.0,43.161636,197,416
2.0,119.0,48.368161,199,99
4.0,119.0,47.793308,199,134
6.0,119.0,47.251304,199,167
8.0,119.0,46.7093,199,200
10.0,119.0,46.249417,199,228
12.0,119.0,45.838808,199,253
14.0,119.0,45.378926,199,281
16.0,119.0,44.951892,199,307
18.0,119.0,44.574132,199,330
20.0,119.0,44.245644,199,350
22.0,119.0,43.982855,199,366
24.0,119.0,43.752913,199,380
26.0,119.0,43.555821,199,392
28.0,119.0,43.358729,199,404
30.0,119.0,43.145212,199,417
2.0,120.0,48.368161,200,99
4.0,120.0,47.793308,200,134
6.0,120.0,47.251304,200,167
8.0,120.0,46.692875,200,201
10.0,120.0,46.249417,200,228
12.0,120.0,45.838808,200,253
14.0,120.0,45.378926,200,281
16.0,120.0,44.935468,200,308
18.0,120.0,44.557707,200,331
20.0,120.0,44.245644,200,350
22.0,120.0,43.96643,200,367
24.0,120.0,43.752913,200,380
26.0,120.0,43.555821,200,392
28.0,120.0,43.342304,200,405
30.0,120.0,43.145212,200,417
