"temp_c","pressure_bar","a_micro_per_bar","b_micro_per_c"
"2.0","30.0","49.172955","-70.4"
"2.0","40.0","49.090833","-67.12"
"2.0","50.0","48.992287","-63.84"
"2.0","60.0","48.910165","-60.55"
"2.0","70.0","48.811619","-57.25"
"2.0","80.0","48.729497","-53.96"
"2.0","90.0","48.630951","-50.66"
"2.0","100.0","48.548829","-47.35"
"2.0","110.0","48.450283","-44.05"
"2.0","120.0","48.368161","-40.74"
"4.0","30.0","48.565253","-35.63"
"4.0","40.0","48.483131","-32.62"
"4.0","50.0","48.401009","-29.6"
"4.0","60.0","48.302463","-26.58"
"4.0","70.0","48.220341","-23.54"
"4.0","80.0","48.13822","-20.51"
"4.0","90.0","48.056098","-17.47"
"4.0","100.0","47.957552","-14.43"
"4.0","110.0","47.87543","-11.38"
"4.0","120.0","47.793308","-8.34"
"6.0","30.0","48.006825","-3.16"
"6.0","40.0","47.924703","-0.41"
"6.0","50.0","47.842581","2.36"
"6.0","60.0","47.760459","5.15"
"6.0","70.0","47.678337","7.92"
"6.0","80.0","47.596215","10.7"
"6.0","90.0","47.514094","13.5"
"6.0","100.0","47.415547","16.29"
"6.0","110.0","47.333426","19.08"
"6.0","120.0","47.251304","21.88"
"8.0","30.0","47.431972","27.26"
"8.0","40.0","47.34985","29.78"
"8.0","50.0","47.267728","32.31"
"8.0","60.0","47.185606","34.85"
"8.0","70.0","47.103484","37.39"
"8.0","80.0","47.021363","39.94"
"8.0","90.0","46.955665","42.5"
"8.0","100.0","46.857119","45.05"
"8.0","110.0","46.774997","47.61"
"8.0","120.0","46.692875","50.18"
"10.0","30.0","47.004938","55.84"
"10.0","40.0","46.906392","58.14"
"10.0","50.0","46.82427","60.45"
"10.0","60.0","46.742148","62.76"
"10.0","70.0","46.660027","65.08"
"10.0","80.0","46.577905","67.4"
"10.0","90.0","46.495783","69.73"
"10.0","100.0","46.413661","72.07"
"10.0","110.0","46.331539","74.41"
"10.0","120.0","46.249417","76.74"
"12.0","30.0","46.643602","82.79"
"12.0","40.0","46.545056","84.87"
"12.0","50.0","46.462934","86.96"
"12.0","60.0","46.364388","89.07"
"12.0","70.0","46.282266","91.17"
"12.0","80.0","46.200144","93.29"
"12.0","90.0","46.101598","95.41"
"12.0","100.0","46.019476","97.53"
"12.0","110.0","45.92093","99.66"
"12.0","120.0","45.838808","101.79"
"14.0","30.0","46.18372","108.26"
"14.0","40.0","46.101598","110.14"
"14.0","50.0","46.003052","112.04"
"14.0","60.0","45.92093","113.93"
"14.0","70.0","45.822384","115.84"
"14.0","80.0","45.723838","117.76"
"14.0","90.0","45.641716","119.67"
"14.0","100.0","45.559594","121.59"
"14.0","110.0","45.461048","123.52"
"14.0","120.0","45.378926","125.46"
"16.0","30.0","45.789535","132.4"
"16.0","40.0","45.707413","134.1"
"16.0","50.0","45.592443","135.8"
"16.0","60.0","45.510321","137.51"
"16.0","70.0","45.411775","139.22"
"16.0","80.0","45.313228","140.95"
"16.0","90.0","45.231107","142.67"
"16.0","100.0","45.13256","144.42"
"16.0","110.0","45.034014","146.15"
"16.0","120.0","44.935468","147.9"
"18.0","30.0","45.477472","155.35"
"18.0","40.0","45.378926","156.87"
"18.0","50.0","45.263955","158.39"
"18.0","60.0","45.181833","159.92"
"18.0","70.0","45.066863","161.46"
"18.0","80.0","44.968317","163.0"
"18.0","90.0","44.86977","164.56"
"18.0","100.0","44.771224","166.11"
"18.0","110.0","44.672678","167.66"
"18.0","120.0","44.557707","169.24"
"20.0","30.0","45.165409","177.23"
"20.0","40.0","45.066863","178.58"
"20.0","50.0","44.951892","179.93"
"20.0","60.0","44.86977","181.29"
"20.0","70.0","44.7548","182.66"
"20.0","80.0","44.656254","184.03"
"20.0","90.0","44.557707","185.41"
"20.0","100.0","44.442737","186.8"
"20.0","110.0","44.344191","188.2"
"20.0","120.0","44.245644","189.59"
"22.0","30.0","44.935468","198.14"
"22.0","40.0","44.820497","199.33"
"22.0","50.0","44.721951","200.52"
"22.0","60.0","44.606981","201.72"
"22.0","70.0","44.508434","202.93"
"22.0","80.0","44.393464","204.14"
"22.0","90.0","44.294918","205.36"
"22.0","100.0","44.179947","206.59"
"22.0","110.0","44.081401","207.82"
"22.0","120.0","43.96643","209.06"
"24.0","30.0","44.721951","218.18"
"24.0","40.0","44.606981","219.21"
"24.0","50.0","44.49201","220.25"
"24.0","60.0","44.393464","221.3"
"24.0","70.0","44.278493","222.35"
"24.0","80.0","44.179947","223.42"
"24.0","90.0","44.064976","224.48"
"24.0","100.0","43.96643","225.56"
"24.0","110.0","43.85146","226.64"
"24.0","120.0","43.752913","227.73"
"26.0","30.0","44.557707","237.41"
"26.0","40.0","44.442737","238.3"
"26.0","50.0","44.327766","239.2"
"26.0","60.0","44.22922","240.11"
"26.0","70.0","44.11425","241.02"
"26.0","80.0","43.999279","241.94"
"26.0","90.0","43.900733","242.87"
"26.0","100.0","43.769338","243.79"
"26.0","110.0","43.654367","244.73"
"26.0","120.0","43.555821","245.68"
"28.0","30.0","44.360615","255.93"
"28.0","40.0","44.262069","256.69"
"28.0","50.0","44.130674","257.45"
"28.0","60.0","44.032128","258.22"
"28.0","70.0","43.900733","258.99"
"28.0","80.0","43.785762","259.78"
"28.0","90.0","43.687216","260.57"
"28.0","100.0","43.572245","261.36"
"28.0","110.0","43.457275","262.17"
"28.0","120.0","43.342304","262.98"
"30.0","30.0","44.212796","273.8"
"30.0","40.0","44.081401","274.42"
"30.0","50.0","43.96643","275.07"
"30.0","60.0","43.85146","275.7"
"30.0","70.0","43.736489","276.35"
"30.0","80.0","43.605094","277.01"
"30.0","90.0","43.506548","277.66"
"30.0","100.0","43.375153","278.33"
"30.0","110.0","43.260182","279.01"
"30.0","120.0","43.145212","279.69"
